{
  "results": {
    "num_epochs": 30,
    "train_loss": [
      2.837368224307729,
      2.7042661069497016,
      2.6333267717179507,
      2.621204024657536,
      2.598836869427813,
      2.5885081626652533,
      2.5797725464846635,
      2.5650768526407797,
      2.5563470022856527,
      2.5478404737618088,
      2.545521727616533,
      2.5276219300890195,
      2.5045059693826213,
      2.4907327585265824,
      2.4807027330080165,
      2.4695749248722967,
      2.4633361802381626,
      2.4534456288302837,
      2.4395010175689795,
      2.4347492926450527,
      2.4301062289785316,
      2.4270454654632956,
      2.4235481922122366,
      2.417863450292942,
      2.4159480682048584,
      2.4122275697786972,
      2.405611778101595,
      2.413212728803601,
      2.4060413683920103,
      2.3982978401578285
    ],
    "train_acc": [
      38.84968944099379,
      51.877018633540374,
      58.44844720496894,
      59.35900621118012,
      61.39254658385093,
      62.293167701863354,
      63.12422360248447,
      64.62732919254658,
      65.52670807453416,
      66.32546583850932,
      66.56149068322982,
      68.4968944099379,
      70.91055900621117,
      72.28198757763975,
      73.24596273291925,
      74.29937888198758,
      74.93540372670807,
      75.91428571428571,
      77.27204968944099,
      77.70683229813665,
      78.16149068322981,
      78.40621118012422,
      78.74906832298137,
      79.30931677018634,
      79.48819875776398,
      79.84347826086956,
      80.50931677018633,
      79.74285714285715,
      80.44223602484472,
      81.19378881987578
    ],
    "test_loss": [
      2.7279883574556423,
      2.656864767604404,
      2.6178946252222413,
      2.6118780272978324,
      2.6304490910636056,
      2.5847699540632743,
      2.586487899886237,
      2.553562115739893,
      2.567586170302497,
      2.5582438226099367,
      2.551400747122588,
      2.52055859874796,
      2.500290901572616,
      2.492020293076833,
      2.4930531996267815,
      2.466953176922268,
      2.4731437970090795,
      2.461550143029955,
      2.4478611875463416,
      2.4529185471711337,
      2.4478424906730654,
      2.440274558243928,
      2.4466911872227985,
      2.4450360964845728,
      2.445701018527702,
      2.4308897406966596,
      2.4239065492594682,
      2.481243919443201,
      2.432632491323683,
      2.4227230239797524
    ],
    "test_acc": [
      50.118840579710145,
      56.2231884057971,
      59.91014492753623,
      60.2,
      58.07826086956522,
      62.6695652173913,
      62.428985507246374,
      65.80579710144927,
      64.14782608695653,
      65.41159420289856,
      65.9536231884058,
      69.34492753623188,
      71.24927536231884,
      72.06086956521739,
      71.98550724637681,
      74.4695652173913,
      73.93333333333334,
      75.19420289855073,
      76.35362318840579,
      75.83478260869565,
      76.21739130434783,
      77.0695652173913,
      76.45797101449276,
      76.6231884057971,
      76.5304347826087,
      77.90434782608696,
      78.58260869565217,
      72.92753623188406,
      77.66666666666667,
      78.77971014492753
    ]
  }
}