{
  "results": {
    "num_epochs": 30,
    "train_loss": [
      2.8007226795763582,
      2.704011912186688,
      2.686745356869053,
      2.6456284026462815,
      2.6182265878671305,
      2.58201398189951,
      2.5599516093825687,
      2.5492892555288367,
      2.5361443828133976,
      2.5287414525764356,
      2.51777594495085,
      2.5154391403986653,
      2.504217476458163,
      2.49784768215234,
      2.495513168162117,
      2.493241922085918,
      2.4845017094301305,
      2.480664069777642,
      2.481142757238379,
      2.476776130059186,
      2.4725101882967926,
      2.467966140548451,
      2.472431045268412,
      2.468803662753446,
      2.4607049882506717,
      2.4618040452132353,
      2.459991846061852,
      2.4581873790258824,
      2.4578490280005814,
      2.4597395866967156
    ],
    "train_acc": [
      42.50310559006211,
      50.68819875776398,
      52.36521739130435,
      56.67701863354037,
      59.31180124223602,
      63.088198757763976,
      65.18260869565218,
      66.18012422360249,
      67.55776397515528,
      68.29813664596273,
      69.3639751552795,
      69.52670807453416,
      70.62360248447204,
      71.23975155279503,
      71.46708074534162,
      71.64099378881987,
      72.50683229813664,
      72.89316770186335,
      72.80372670807454,
      73.31180124223603,
      73.64596273291926,
      74.09068322981366,
      73.70310559006211,
      74.04347826086956,
      74.80993788819876,
      74.70062111801242,
      74.88074534161491,
      75.03850931677019,
      75.10931677018634,
      74.9416149068323
    ],
    "test_loss": [
      2.7240378278273125,
      2.7036171423064337,
      2.683193016052246,
      2.6239737537172108,
      2.6079740912825975,
      2.567914346853892,
      2.5617637285479793,
      2.5546794657354,
      2.5565934419631957,
      2.527282934277146,
      2.5347539367499174,
      2.5037195059988235,
      2.5200785870905276,
      2.5012726920622366,
      2.506002397448928,
      2.493323576891864,
      2.483805757098728,
      2.491138394673665,
      2.4909488549938907,
      2.4767186981660347,
      2.4784022490183513,
      2.4678292861691227,
      2.481575818856557,
      2.4900331170470626,
      2.483184184409954,
      2.476977917883131,
      2.480024881716128,
      2.4639870383121347,
      2.4677157556569136,
      2.462792454383991
    ],
    "test_acc": [
      48.846376811594205,
      50.87536231884058,
      52.52173913043478,
      58.7072463768116,
      60.15942028985507,
      64.42028985507247,
      64.8,
      65.5536231884058,
      65.72173913043478,
      68.5536231884058,
      67.56521739130434,
      70.6086956521739,
      69.02028985507246,
      70.8,
      70.37391304347825,
      71.67536231884058,
      72.55072463768116,
      71.67826086956522,
      71.7768115942029,
      73.22028985507247,
      73.03478260869565,
      74.10144927536231,
      72.64347826086957,
      71.9768115942029,
      72.5072463768116,
      73.0927536231884,
      72.75652173913043,
      74.52753623188406,
      74.14782608695653,
      74.48985507246377
    ]
  }
}