{
  "results": {
    "num_epochs": 30,
    "train_loss": [
      2.8785474929597306,
      2.7850987426048244,
      2.7654107539945643,
      2.7564361599556784,
      2.747759457043889,
      2.7397203504186365,
      2.7326848035017903,
      2.727415900351702,
      2.727247143777262,
      2.7226787771443304,
      2.7272588945155305,
      2.726614259195252,
      2.722987233929111,
      2.7267896547226536,
      2.7133751205495886,
      2.709501618421703,
      2.709757687746057,
      2.708462448870624,
      2.706843986041216,
      2.7053501461950886,
      2.7136117371542463,
      2.7141421243003516,
      2.702193147237805,
      2.7056064785758718,
      2.7026855829978786,
      2.701863026960097,
      2.703929681846182,
      2.707132743159235,
      2.709755539136016,
      2.700990789076861
    ],
    "train_acc": [
      36.088198757763976,
      44.29565217391304,
      45.66583850931677,
      46.31304347826087,
      46.84844720496894,
      47.749068322981365,
      48.52049689440994,
      48.858385093167705,
      48.70434782608696,
      49.0944099378882,
      48.672049689440996,
      48.60745341614907,
      49.0111801242236,
      48.590062111801245,
      49.86583850931677,
      50.212422360248446,
      50.254658385093165,
      50.37763975155279,
      50.39751552795031,
      50.61739130434783,
      49.69937888198758,
      49.70807453416149,
      50.80496894409938,
      50.47826086956522,
      50.7639751552795,
      50.7776397515528,
      50.67329192546584,
      50.28447204968944,
      50.03850931677019,
      50.885714285714286
    ],
    "test_loss": [
      2.8056204897386054,
      2.7725242579424823,
      2.7696903908694233,
      2.753259223037296,
      2.7588127114154672,
      2.738488085623141,
      2.73628551253566,
      2.728578296855644,
      2.738551871864884,
      2.7364571708220025,
      2.732560133050989,
      2.728752030266656,
      2.7271817052805867,
      2.729626244968838,
      2.7146287688502557,
      2.717648051403187,
      2.7138886142660072,
      2.7111976230586015,
      2.7100752662729333,
      2.7139828549491036,
      2.7164107185822948,
      2.7077495517554104,
      2.720021461557459,
      2.7155545671780903,
      2.714986254109277,
      2.709488206439548,
      2.7081692227610836,
      2.7188775486416286,
      2.7079160173734027,
      2.7134788910547893
    ],
    "test_acc": [
      42.78260869565217,
      45.2927536231884,
      44.86376811594203,
      46.33623188405797,
      45.53623188405797,
      47.67536231884058,
      47.881159420289855,
      48.68985507246377,
      47.495652173913044,
      47.70434782608696,
      48.24927536231884,
      48.53913043478261,
      48.36521739130435,
      48.26376811594203,
      49.78550724637681,
      49.197101449275365,
      49.64057971014493,
      50.15942028985507,
      50.11304347826087,
      49.54492753623188,
      49.50144927536232,
      50.25797101449275,
      49.017391304347825,
      49.26086956521739,
      49.40869565217391,
      50.19420289855073,
      50.165217391304346,
      48.87246376811594,
      50.130434782608695,
      49.518840579710144
    ]
  }
}