{
  "results": {
    "num_epochs": 30,
    "train_loss": [
      2.785925803957759,
      2.6757634834568527,
      2.659753662982692,
      2.6443813406227124,
      2.6083165314315044,
      2.5899023945267134,
      2.579981079920297,
      2.5734035944142666,
      2.5672710529381977,
      2.5630920124736236,
      2.556449456889603,
      2.553078396710758,
      2.5477380369729192,
      2.5446030274862705,
      2.53753898841209,
      2.536662681493168,
      2.535833344740026,
      2.5298027330817026,
      2.5243646615260356,
      2.5201514392664777,
      2.5176645001849614,
      2.518880059684972,
      2.5155716353645383,
      2.5096681222248534,
      2.505103974349927,
      2.5019659421781286,
      2.500524731811924,
      2.4984897052919544,
      2.4967055328320624,
      2.493801432876405
    ],
    "train_acc": [
      43.951552795031056,
      53.79503105590062,
      55.1055900621118,
      56.768944099378885,
      60.414906832298136,
      62.19006211180124,
      63.122981366459626,
      63.71552795031056,
      64.3055900621118,
      64.71055900621118,
      65.32422360248447,
      65.7192546583851,
      66.23105590062112,
      66.57888198757765,
      67.21490683229814,
      67.3167701863354,
      67.37142857142857,
      67.92670807453416,
      68.50931677018633,
      68.89565217391305,
      69.18136645962733,
      69.0360248447205,
      69.33167701863354,
      69.93540372670807,
      70.40621118012422,
      70.74534161490683,
      70.84844720496895,
      71.00621118012423,
      71.24223602484471,
      71.5503105590062
    ],
    "test_loss": [
      2.684335321850247,
      2.6600068781110977,
      2.6658963954007184,
      2.6168958094384935,
      2.632906569816448,
      2.5787195788489448,
      2.5863939854833813,
      2.5687322356082776,
      2.568974612818824,
      2.5689378822291338,
      2.5629664911164176,
      2.5493502338727314,
      2.550475937348825,
      2.552219800154368,
      2.5393335973774946,
      2.5733616528687655,
      2.580505445709935,
      2.5272856531319796,
      2.5413859861868398,
      2.5365778622803865,
      2.5363245836010684,
      2.522638064843637,
      2.5202585295394613,
      2.5211686982048884,
      2.5222099392502395,
      2.5262424336539375,
      2.5107987832140037,
      2.519247321287791,
      2.5015558631331833,
      2.4983896017074585
    ],
    "test_acc": [
      53.278260869565216,
      55.11594202898551,
      54.417391304347824,
      59.86666666666667,
      57.7536231884058,
      63.40869565217391,
      62.40869565217391,
      64.07536231884058,
      64.16231884057972,
      64.11304347826086,
      64.76521739130435,
      65.90144927536232,
      65.97101449275362,
      65.7768115942029,
      67.0,
      63.67536231884058,
      62.8,
      68.1768115942029,
      66.76231884057971,
      67.28405797101449,
      67.14492753623189,
      68.6608695652174,
      69.03188405797101,
      68.77101449275362,
      68.70434782608696,
      68.2695652173913,
      69.71304347826087,
      68.91014492753624,
      70.71014492753623,
      71.15652173913044
    ]
  }
}