{
  "results": {
    "num_epochs": 30,
    "train_loss": [
      2.8121924805906504,
      2.686484965307724,
      2.655996147513579,
      2.6375751355115105,
      2.6142605061750914,
      2.6084189028353304,
      2.5982207323295703,
      2.5887437530086985,
      2.585835546492014,
      2.5789424923910436,
      2.577973177777944,
      2.5750143726982637,
      2.57184100151062,
      2.5708749817361514,
      2.566786596619647,
      2.5650495779722786,
      2.565347257971953,
      2.5634560897733145,
      2.561972575271073,
      2.555951653679149,
      2.5591885643657326,
      2.556488226441776,
      2.5561292239706166,
      2.5535029140678613,
      2.551808692503051,
      2.5487316378728386,
      2.547993826183871,
      2.545100666949783,
      2.545404671296027,
      2.5455305690037617
    ],
    "train_acc": [
      41.75155279503105,
      53.48322981366459,
      56.30434782608695,
      57.86583850931677,
      60.19378881987578,
      60.69565217391305,
      61.69316770186335,
      62.683229813664596,
      62.7776397515528,
      63.42484472049689,
      63.51428571428571,
      63.749068322981365,
      63.96521739130435,
      64.14037267080745,
      64.52049689440994,
      64.74037267080746,
      64.60621118012422,
      64.78012422360248,
      64.98012422360249,
      65.5776397515528,
      65.24223602484471,
      65.49565217391304,
      65.56894409937888,
      65.81242236024845,
      66.00745341614906,
      66.24968944099379,
      66.30931677018634,
      66.66211180124223,
      66.65962732919255,
      66.5975155279503
    ],
    "test_loss": [
      2.7128203197761818,
      2.686095008585188,
      2.65032633278105,
      2.619263247648875,
      2.6274077141726457,
      2.640360034836663,
      2.598424831143132,
      2.6074867690051042,
      2.5950590937225906,
      2.6092092275619505,
      2.5865912777406197,
      2.588541108590585,
      2.587660393008479,
      2.5868133010687653,
      2.575958032078213,
      2.580344547165765,
      2.582114808647721,
      2.5699263321028814,
      2.579281375143263,
      2.57647387319141,
      2.5747828518902813,
      2.574144117478971,
      2.567393598291609,
      2.566944616812247,
      2.5658426077277574,
      2.5642468134562173,
      2.5648147887653776,
      2.5683452632692125,
      2.562149316293222,
      2.568125820159912
    ],
    "test_acc": [
      51.82898550724638,
      53.08985507246377,
      56.86376811594203,
      59.82898550724638,
      58.597101449275364,
      57.266666666666666,
      61.61449275362319,
      60.61739130434783,
      61.7072463768116,
      60.01449275362319,
      62.417391304347824,
      62.21739130434783,
      62.35072463768116,
      62.39710144927536,
      63.39420289855072,
      63.07826086956522,
      62.834782608695654,
      64.07246376811594,
      63.13913043478261,
      63.2695652173913,
      63.56231884057971,
      63.678260869565214,
      64.35362318840579,
      64.31014492753623,
      64.39420289855073,
      64.5391304347826,
      64.62608695652175,
      64.13913043478261,
      64.87826086956522,
      64.36811594202898
    ]
  }
}