{
  "results": {
    "num_epochs": 30,
    "train_loss": [
      2.928461394173542,
      2.8413159001991746,
      2.806643344639595,
      2.789930397641678,
      2.7781384679206034,
      2.7681891298445684,
      2.7586781590087237,
      2.7486740299552346,
      2.7387277953006883,
      2.706134553175473,
      2.6926025313300057,
      2.684206711468901,
      2.6740622006842365,
      2.6598200257897187,
      2.650819723101981,
      2.644267450644974,
      2.63881588304365,
      2.633380061492253,
      2.6290381735572756,
      2.6176479247491953,
      2.606538139958829,
      2.599465127969205,
      2.5937387344378546,
      2.588895320892334,
      2.584549077175001,
      2.5828205944055216,
      2.5793181517544914,
      2.577397455471688,
      2.5748231062259888,
      2.572981635982168
    ],
    "train_acc": [
      27.880745341614908,
      36.624844720496895,
      40.122981366459626,
      41.811180124223604,
      42.990062111801244,
      44.04223602484472,
      44.95652173913044,
      46.04968944099379,
      47.02608695652174,
      50.37267080745342,
      51.78633540372671,
      52.612422360248445,
      53.63726708074534,
      55.07453416149068,
      55.97267080745342,
      56.636024844720495,
      57.142857142857146,
      57.679503105590065,
      58.114285714285714,
      59.278260869565216,
      60.38385093167702,
      61.10931677018633,
      61.67453416149068,
      62.16273291925466,
      62.53291925465839,
      62.71055900621118,
      63.01987577639751,
      63.19751552795031,
      63.40496894409938,
      63.60745341614907
    ],
    "test_loss": [
      2.8594780025658784,
      2.8314257396592035,
      2.804726164870792,
      2.7952690142172356,
      2.791346271832784,
      2.7827745459697866,
      2.7817040240323103,
      2.772211952562685,
      2.7474106497234767,
      2.73515178627438,
      2.727674780068574,
      2.7280942206029537,
      2.7176559368769326,
      2.7122251713717427,
      2.7037409888373483,
      2.7043614515551813,
      2.702833041879866,
      2.6997367368804084,
      2.6957006525110314,
      2.6882353062982913,
      2.686800413661533,
      2.6790955636236404,
      2.6776228816420944,
      2.679360305821454,
      2.676806930700938,
      2.6810483539545977,
      2.676685678075861,
      2.677836259647652,
      2.67504085611414,
      2.675471031224286
    ],
    "test_acc": [
      34.915942028985505,
      37.54492753623188,
      40.32463768115942,
      41.23478260869565,
      41.61739130434783,
      42.542028985507244,
      42.69275362318841,
      43.573913043478264,
      45.96521739130435,
      47.31884057971015,
      48.11304347826087,
      48.02608695652174,
      49.08695652173913,
      49.515942028985506,
      50.51304347826087,
      50.414492753623186,
      50.46666666666667,
      50.698550724637684,
      51.197101449275365,
      52.01159420289855,
      52.13623188405797,
      52.698550724637684,
      52.93623188405797,
      52.846376811594205,
      53.02608695652174,
      52.62898550724638,
      53.11304347826087,
      52.93043478260869,
      53.27246376811594,
      53.06086956521739
    ]
  }
}