{
  "results": {
    "num_epochs": 30,
    "train_loss": [
      2.8457306939960474,
      2.7642318736199165,
      2.7541850670722026,
      2.7390314499789845,
      2.6999948589525085,
      2.671749657212456,
      2.652564323952922,
      2.6303486820245205,
      2.599137055286353,
      2.5700424424415553,
      2.547823018603181,
      2.5349914965076175,
      2.5205560418494364,
      2.5103649765205684,
      2.5029271029895366,
      2.4965442682487597,
      2.485590130611899,
      2.476105540659166,
      2.4683712842165004,
      2.4619664308187126,
      2.45640849801808,
      2.4530329315764727,
      2.4506854377983105,
      2.4489160732548263,
      2.4306931569580055,
      2.4055410524999017,
      2.4035298793986795,
      2.4028227073399555,
      2.401489769521692,
      2.4015291790893993
    ],
    "train_acc": [
      36.38260869565217,
      44.32422360248447,
      45.320496894409935,
      46.79378881987578,
      50.76645962732919,
      53.60248447204969,
      55.56024844720497,
      57.749068322981365,
      60.924223602484474,
      63.87080745341615,
      66.13664596273291,
      67.41987577639752,
      68.87080745341615,
      69.90434782608696,
      70.64596273291926,
      71.2223602484472,
      72.36024844720497,
      73.3391304347826,
      74.08695652173913,
      74.72795031055901,
      75.25341614906833,
      75.56521739130434,
      75.76024844720497,
      75.92173913043479,
      77.7639751552795,
      80.31801242236025,
      80.48695652173913,
      80.56149068322982,
      80.65465838509317,
      80.66459627329192
    ],
    "test_loss": [
      2.776339471781695,
      2.7591249973685654,
      2.7571202825616905,
      2.7263676170949585,
      2.6891652822494505,
      2.6807201897656476,
      2.646421225865682,
      2.6362372923780373,
      2.599934294488695,
      2.571201233069102,
      2.5602002011405096,
      2.5522869613435533,
      2.5468295874419034,
      2.5454986325016726,
      2.54105329601853,
      2.534990086378875,
      2.530306566644598,
      2.5291694393864383,
      2.529095902266326,
      2.522873235631872,
      2.5308612721937673,
      2.521479327148861,
      2.522319167190128,
      2.51988797099502,
      2.4807421732831885,
      2.481436456574334,
      2.4805607583787705,
      2.481296369323024,
      2.4780490005457843,
      2.48387172487047
    ],
    "test_acc": [
      43.176811594202896,
      44.94202898550725,
      45.04347826086956,
      48.165217391304346,
      51.87826086956522,
      52.73623188405797,
      56.12463768115942,
      57.18550724637681,
      60.89565217391304,
      63.84057971014493,
      64.9536231884058,
      65.64927536231885,
      66.17101449275363,
      66.36521739130434,
      66.80289855072463,
      67.31884057971014,
      67.85217391304347,
      67.98550724637681,
      67.8840579710145,
      68.4463768115942,
      67.65217391304348,
      68.6231884057971,
      68.48985507246377,
      68.82608695652173,
      72.7536231884058,
      72.56521739130434,
      72.75072463768116,
      72.65217391304348,
      73.00869565217391,
      72.37971014492754
    ]
  }
}