{
  "results": {
    "num_epochs": 30,
    "train_loss": [
      2.826698005862759,
      2.7230814124897287,
      2.706799237072373,
      2.689127507952704,
      2.6771090059098452,
      2.6712714479155304,
      2.66617761867414,
      2.668276208951856,
      2.665462327496236,
      2.657087852162663,
      2.651178081009081,
      2.6508020094354503,
      2.6511129330375804,
      2.647706566630183,
      2.6445501134960376,
      2.644192616018468,
      2.6431209599460064,
      2.6433577128169268,
      2.641947358704523,
      2.64179666129508,
      2.641193909372169,
      2.640603355269743,
      2.64183351459109,
      2.638582377251836,
      2.6351548058050427,
      2.6365200233762707,
      2.6350275727258388,
      2.6355791122242453,
      2.6333084587830995,
      2.6353829132544027
    ],
    "train_acc": [
      40.99130434782609,
      49.93788819875776,
      51.029813664596276,
      52.83726708074534,
      53.92919254658385,
      54.290683229813666,
      54.73416149068323,
      54.45465838509317,
      54.81863354037267,
      55.68819875776398,
      56.15652173913043,
      56.28447204968944,
      56.088198757763976,
      56.480745341614906,
      56.74409937888199,
      56.80124223602485,
      56.84844720496894,
      56.822360248447204,
      56.96521739130435,
      56.99254658385093,
      57.0472049689441,
      57.040993788819875,
      56.990062111801244,
      57.2695652173913,
      57.54409937888199,
      57.391304347826086,
      57.5639751552795,
      57.42732919254659,
      57.6695652173913,
      57.588819875776394
    ],
    "test_loss": [
      2.746995664084399,
      2.714744617762389,
      2.7184981377036483,
      2.6846965277636494,
      2.6803216739937112,
      2.6718195411894055,
      2.67631561976892,
      2.6731428495159855,
      2.6628499927344147,
      2.6615948460720205,
      2.655003430666747,
      2.658277385764652,
      2.6632603420151604,
      2.65650393433041,
      2.6605995814005534,
      2.6506585249194394,
      2.649212074721301,
      2.6689764632119073,
      2.652935031166783,
      2.6483946049654925,
      2.646344722200323,
      2.6493044901777196,
      2.651768888809063,
      2.6402031624758684,
      2.643840297063192,
      2.6450765163810166,
      2.643729336614962,
      2.6439976692199707,
      2.648420712682936,
      2.6461036381898104
    ],
    "test_acc": [
      48.01449275362319,
      50.4231884057971,
      49.87536231884058,
      53.333333333333336,
      53.457971014492756,
      54.24057971014493,
      53.698550724637684,
      54.06666666666667,
      55.38840579710145,
      55.27246376811594,
      55.81159420289855,
      55.38550724637681,
      55.03768115942029,
      55.52173913043478,
      55.084057971014495,
      56.17101449275362,
      56.22608695652174,
      54.2,
      55.7072463768116,
      56.414492753623186,
      56.40869565217391,
      56.12463768115942,
      55.87826086956522,
      57.03478260869565,
      56.73623188405797,
      56.48695652173913,
      56.72753623188406,
      56.6231884057971,
      56.09855072463768,
      56.48695652173913
    ]
  }
}