{
  "results": {
    "num_epochs": 30,
    "train_loss": [
      3.122767517411273,
      3.0251151874827276,
      2.9480895486279777,
      2.906028702641898,
      2.860479463264938,
      2.8264463497459036,
      2.806309409285577,
      2.7847432383293187,
      2.7611697950120573,
      2.7454815979792317,
      2.734935235711842,
      2.7025792879216812,
      2.682482152182271,
      2.6737868766905963,
      2.6594835210869916,
      2.6505695615550104,
      2.6447510029439516,
      2.6405719139617654,
      2.6355037893892663,
      2.6325049675136376,
      2.6304485339239028,
      2.6290748720138746,
      2.627317109244427,
      2.6073726785201905,
      2.5862898481669223,
      2.5804389430911816,
      2.5736842915439455,
      2.5677696456969827,
      2.5543653722408277,
      2.517188568752028
    ],
    "train_acc": [
      8.335403726708075,
      18.070807453416148,
      25.848447204968945,
      30.100621118012423,
      34.74409937888199,
      38.172670807453414,
      40.19130434782609,
      42.34534161490683,
      44.78260869565217,
      46.363975155279505,
      47.37267080745342,
      50.66583850931677,
      52.624844720496895,
      53.559006211180126,
      54.963975155279506,
      55.85962732919255,
      56.47204968944099,
      56.90807453416149,
      57.3527950310559,
      57.590062111801245,
      57.785093167701866,
      57.91055900621118,
      58.04968944099379,
      60.10807453416149,
      62.22360248447205,
      62.82360248447205,
      63.53416149068323,
      64.15776397515528,
      65.52546583850932,
      69.31552795031055
    ],
    "test_loss": [
      3.08010590562114,
      2.9785483916600546,
      2.915081692624975,
      2.9046164883507624,
      2.8354980049309906,
      2.8283571622989796,
      2.8019724258670102,
      2.793560882409414,
      2.7674398810775194,
      2.758160219369111,
      2.7559351629681057,
      2.717555938826667,
      2.711928772043299,
      2.698160648787463,
      2.694719549020131,
      2.7057483072634096,
      2.6908975265644215,
      2.6955727519812407,
      2.6908715764681497,
      2.6891883033293267,
      2.6924697001775106,
      2.6871169880584436,
      2.688454755588814,
      2.6538707618360164,
      2.6496851682662963,
      2.651687701984688,
      2.650114099184672,
      2.647974402816207,
      2.6212016273427894,
      2.59451021000191
    ],
    "test_acc": [
      12.46376811594203,
      22.776811594202897,
      29.2,
      30.18550724637681,
      37.289855072463766,
      37.91304347826087,
      40.573913043478264,
      41.37391304347826,
      44.26086956521739,
      45.040579710144925,
      45.220289855072465,
      49.06666666666667,
      49.59130434782609,
      51.09855072463768,
      51.405797101449274,
      50.2463768115942,
      51.6463768115942,
      51.414492753623186,
      51.74202898550725,
      51.80869565217391,
      51.53623188405797,
      52.10434782608696,
      51.994202898550725,
      55.50144927536232,
      55.75942028985507,
      55.756521739130434,
      55.643478260869564,
      55.85217391304348,
      58.666666666666664,
      61.2695652173913
    ]
  }
}