{
  "results": {
    "num_epochs": 30,
    "train_loss": [
      2.869209502004857,
      2.7263115779015523,
      2.6843546917025347,
      2.6543326715217677,
      2.624778471425152,
      2.6013930147137665,
      2.5898520449955247,
      2.57910595618674,
      2.574858073778865,
      2.566369541877783,
      2.551191675833564,
      2.543101228287944,
      2.537816232452332,
      2.5300260482797183,
      2.5249546178763165,
      2.5155740447567454,
      2.5034424502444,
      2.500318784592451,
      2.492880250767039,
      2.484765298794866,
      2.4815224181677085,
      2.4760332232628413,
      2.4726317097538035,
      2.4664651837750724,
      2.46223818384028,
      2.4587839212629867,
      2.454263881204238,
      2.4556001896699016,
      2.4490369618981367,
      2.4488147301969545
    ],
    "train_acc": [
      36.34658385093168,
      49.75031055900621,
      53.61739130434783,
      56.29689440993789,
      59.36024844720497,
      61.522981366459625,
      62.41366459627329,
      63.363975155279505,
      63.655900621118015,
      64.65465838509317,
      66.28571428571429,
      67.01739130434783,
      67.36645962732919,
      68.21490683229814,
      68.80745341614907,
      69.83229813664596,
      71.0695652173913,
      71.29689440993789,
      72.03354037267081,
      72.83105590062112,
      73.09565217391304,
      73.65341614906832,
      73.92422360248447,
      74.49068322981367,
      74.94534161490684,
      75.21490683229814,
      75.67577639751553,
      75.48944099378882,
      76.20621118012423,
      76.17639751552795
    ],
    "test_loss": [
      2.7535937755196183,
      2.7040956294095073,
      2.685390744385896,
      2.6470491965611775,
      2.611794744597541,
      2.6027878200566326,
      2.589199036580545,
      2.586025849978129,
      2.584781622886658,
      2.57070001496209,
      2.5576324489381577,
      2.554892315687957,
      2.5437144381028634,
      2.530069528685676,
      2.530529072108092,
      2.5172483519271567,
      2.509343984391954,
      2.516403349682137,
      2.532408075420945,
      2.509191456105974,
      2.534113824809039,
      2.4915976184385795,
      2.4821736101750975,
      2.477697684588256,
      2.471852289747309,
      2.4700013756752015,
      2.4780965270819486,
      2.468924305174086,
      2.4656289246347214,
      2.4679754319014373
    ],
    "test_acc": [
      47.582608695652176,
      52.05507246376811,
      53.15072463768116,
      56.81159420289855,
      60.45217391304348,
      61.28115942028985,
      62.35942028985507,
      62.60289855072464,
      62.63768115942029,
      64.32753623188405,
      65.52463768115942,
      65.72173913043478,
      66.79420289855072,
      68.27246376811594,
      68.17101449275363,
      69.48985507246377,
      70.27536231884058,
      69.66956521739131,
      67.84927536231883,
      70.29565217391304,
      67.42608695652174,
      72.04347826086956,
      72.90144927536232,
      73.33043478260869,
      73.79130434782608,
      74.11884057971014,
      73.30724637681159,
      74.17391304347827,
      74.49855072463768,
      74.19710144927537
    ]
  }
}