{
  "results": {
    "num_epochs": 30,
    "train_loss": [
      3.1207274740564803,
      3.065674433837066,
      3.01470309998159,
      2.9888326045250095,
      2.96592741304437,
      2.9478013043562825,
      2.932783967550305,
      2.9188144377570464,
      2.905293008102332,
      2.8917326745244014,
      2.8794122553402364,
      2.868001772603094,
      2.858310169370072,
      2.8503879915170716,
      2.842712562489775,
      2.835972517397142,
      2.8292328045364403,
      2.823166035127564,
      2.8159050744364484,
      2.809638086866309,
      2.8036421901281385,
      2.7977375191990257,
      2.7923063432090043,
      2.787367905456046,
      2.7832753637447265,
      2.77905329517037,
      2.7747590356108116,
      2.770651891614371,
      2.7641648050332486,
      2.7586359100235667
    ],
    "train_acc": [
      8.750310559006211,
      15.31304347826087,
      19.91304347826087,
      22.9527950310559,
      27.01614906832298,
      29.443478260869565,
      30.80745341614907,
      31.940372670807452,
      33.141614906832295,
      34.7888198757764,
      36.09316770186335,
      36.93788819875776,
      37.57267080745341,
      38.15031055900621,
      38.772670807453416,
      39.305590062111804,
      39.822360248447204,
      40.40496894409938,
      41.16770186335404,
      41.84223602484472,
      42.36521739130435,
      42.92173913043478,
      43.38633540372671,
      43.84223602484472,
      44.336645962732916,
      44.64472049689441,
      45.1055900621118,
      45.28944099378882,
      46.219875776397515,
      46.99503105590062
    ],
    "test_loss": [
      3.100596120180907,
      3.0338942209879556,
      3.003594109747145,
      2.9797144298200253,
      2.959547383255429,
      2.94214659664366,
      2.9273304877457798,
      2.915291965890814,
      2.9020345016762064,
      2.8870067282959266,
      2.87685259492309,
      2.8665706700748865,
      2.856881715633251,
      2.850245186576137,
      2.8435351694071733,
      2.8355298293961417,
      2.829883944105219,
      2.8225503396104883,
      2.8145386550161575,
      2.808180732197232,
      2.804916897084978,
      2.7992464268649067,
      2.7948169165187413,
      2.7910306617065714,
      2.7858348148840446,
      2.782205033302307,
      2.778878085701554,
      2.773558666087963,
      2.76821657065992,
      2.7642851440994827
    ],
    "test_acc": [
      10.69855072463768,
      18.527536231884056,
      20.37391304347826,
      24.715942028985506,
      27.982608695652175,
      29.771014492753622,
      31.284057971014494,
      32.289855072463766,
      33.518840579710144,
      35.321739130434786,
      36.197101449275365,
      36.82608695652174,
      37.585507246376814,
      37.98550724637681,
      38.6463768115942,
      39.06086956521739,
      39.721739130434784,
      40.38840579710145,
      41.197101449275365,
      41.8,
      41.869565217391305,
      42.530434782608694,
      42.91884057971014,
      43.36231884057971,
      43.81449275362319,
      44.13333333333333,
      44.29855072463768,
      44.86666666666667,
      45.582608695652176,
      46.35072463768116
    ]
  }
}