{
  "results": {
    "num_epochs": 30,
    "train_loss": [
      3.093991759092516,
      2.9850844863109254,
      2.931057039239638,
      2.8999847986739846,
      2.8781725327426564,
      2.8621401841765555,
      2.847662117788257,
      2.833984904145209,
      2.8232440688841294,
      2.8117797143508594,
      2.7910912006572244,
      2.758393009061465,
      2.7441249695415526,
      2.7330991801093605,
      2.7249846769251014,
      2.717295581850983,
      2.7112535617309836,
      2.705468369591596,
      2.7005476743125008,
      2.696165447204784,
      2.6919763817885722,
      2.6867221036662357,
      2.6838359919943757,
      2.679947428748793,
      2.6771722922074965,
      2.6754562638711854,
      2.670880399940503,
      2.6669964011409135,
      2.6646114750772667,
      2.660736273506298
    ],
    "train_acc": [
      13.055900621118013,
      24.33416149068323,
      30.63975155279503,
      34.10807453416149,
      36.13540372670808,
      37.23726708074534,
      38.43850931677019,
      39.92670807453416,
      40.80124223602485,
      41.88695652173913,
      44.24472049689441,
      48.01490683229814,
      49.01490683229814,
      49.858385093167705,
      50.511801242236025,
      51.20124223602485,
      51.69565217391305,
      52.18385093167702,
      52.590062111801245,
      52.92919254658385,
      53.27329192546584,
      53.76273291925466,
      53.90807453416149,
      54.367701863354036,
      54.632298136645964,
      54.698136645962734,
      55.24968944099379,
      55.6583850931677,
      55.95652173913044,
      56.31552795031056
    ],
    "test_loss": [
      3.0346426840181704,
      2.954760018101445,
      2.917189448851126,
      2.8911106197922316,
      2.872147892139576,
      2.8587520480155946,
      2.8436698917989376,
      2.831372980276744,
      2.8213541525381585,
      2.8094508087193524,
      2.7759609359282034,
      2.754515872178254,
      2.7440157064685113,
      2.7347034396948637,
      2.72669885997419,
      2.7223772808357523,
      2.714446045734264,
      2.710155487060547,
      2.7051031942720765,
      2.7026133166419135,
      2.697354526872988,
      2.6957530975341797,
      2.6886667119132146,
      2.6882116851983247,
      2.6841527161774814,
      2.681993215613895,
      2.6804044794153286,
      2.675311059863479,
      2.675478209389581,
      2.6700590363255254
    ],
    "test_acc": [
      20.61159420289855,
      27.81159420289855,
      31.73913043478261,
      34.9768115942029,
      36.45217391304348,
      37.43768115942029,
      39.0463768115942,
      40.19420289855073,
      41.03768115942029,
      42.21449275362319,
      46.63478260869565,
      48.26376811594203,
      48.86086956521739,
      49.63478260869565,
      50.153623188405795,
      50.71884057971015,
      51.22898550724638,
      51.484057971014494,
      51.96521739130435,
      52.15072463768116,
      52.59130434782609,
      52.710144927536234,
      53.3768115942029,
      53.37391304347826,
      53.97391304347826,
      53.90144927536232,
      54.19130434782609,
      54.608695652173914,
      54.698550724637684,
      55.15652173913043
    ]
  }
}