{
  "results": {
    "num_epochs": 30,
    "train_loss": [
      2.983556982443708,
      2.867061591110472,
      2.768072294127581,
      2.7396227180104944,
      2.721413911999883,
      2.701493686068039,
      2.6724102929210813,
      2.659343302913235,
      2.647873903116854,
      2.6360862154649816,
      2.627600868858859,
      2.62073302174221,
      2.6155791665488093,
      2.60324222882336,
      2.592921879029994,
      2.5820980045488415,
      2.5754276641033034,
      2.5686122440571624,
      2.5649206460185576,
      2.5592795837854165,
      2.5540680758335252,
      2.5516851846667654,
      2.547930906611141,
      2.543383696689515,
      2.540697164679559,
      2.537852379968701,
      2.535001991852668,
      2.532372334045143,
      2.5290033385181276,
      2.5272041625552033
    ],
    "train_acc": [
      24.139130434782608,
      37.22981366459627,
      46.57515527950311,
      48.5527950310559,
      50.07826086956522,
      51.98136645962733,
      55.23478260869565,
      56.04347826086956,
      56.93664596273292,
      58.17018633540373,
      58.85341614906832,
      59.464596273291924,
      59.88447204968944,
      61.25590062111801,
      62.42111801242236,
      63.488198757763975,
      64.0832298136646,
      64.85590062111801,
      65.07329192546584,
      65.63354037267081,
      66.05590062111801,
      66.31055900621118,
      66.6086956521739,
      67.11180124223603,
      67.2919254658385,
      67.52919254658386,
      67.80745341614907,
      68.09565217391304,
      68.40993788819875,
      68.6024844720497
    ],
    "test_loss": [
      2.918175165300016,
      2.7958684594542893,
      2.7579868020834746,
      2.7337917729660317,
      2.7201899148799753,
      2.6991114024762752,
      2.672055462554649,
      2.669579123567652,
      2.6521147520453843,
      2.640534770930255,
      2.6357172599545233,
      2.633510701744645,
      2.6285944161591708,
      2.609141186873118,
      2.600614196724362,
      2.595832305042832,
      2.5894000026914807,
      2.580536010971776,
      2.5725384164739538,
      2.578334546530688,
      2.573620277422446,
      2.5628857325624534,
      2.5664142895627906,
      2.560621131791009,
      2.5573874433835346,
      2.552036079653987,
      2.5524384436783967,
      2.561320013028604,
      2.559188786259404,
      2.5536856492360434
    ],
    "test_acc": [
      31.255072463768116,
      45.03768115942029,
      47.130434782608695,
      48.947826086956525,
      49.93623188405797,
      52.81449275362319,
      54.791304347826085,
      54.81449275362319,
      56.47536231884058,
      57.54782608695652,
      57.81739130434783,
      58.005797101449275,
      58.44347826086957,
      60.643478260869564,
      61.61159420289855,
      62.11594202898551,
      62.64927536231884,
      63.44347826086957,
      64.28695652173913,
      63.655072463768114,
      64.03478260869565,
      64.92173913043479,
      64.75942028985507,
      65.22898550724638,
      65.5304347826087,
      66.14202898550725,
      66.0463768115942,
      65.04927536231884,
      65.30144927536232,
      65.91304347826087
    ]
  }
}