{
  "results": {
    "num_epochs": 30,
    "train_loss": [
      2.927608685197815,
      2.8353748808604546,
      2.784528783281202,
      2.7673328984143812,
      2.742432007728965,
      2.726264492127399,
      2.7087632882007546,
      2.6960955926458485,
      2.688689731073304,
      2.659296401164869,
      2.636787579813898,
      2.6288980311922883,
      2.615251306509555,
      2.6013810962485966,
      2.5933452029675483,
      2.585975994934907,
      2.580511535483817,
      2.5701501970260816,
      2.5406783434469107,
      2.5323506821130533,
      2.5267207205579845,
      2.522525432189432,
      2.5190232397073404,
      2.516033622532467,
      2.495046932860285,
      2.4364819032020146,
      2.4146354532014396,
      2.4073082993254182,
      2.4027893232427453,
      2.3987517023313973
    ],
    "train_acc": [
      28.15031055900621,
      37.387577639751555,
      42.49316770186336,
      44.15527950310559,
      46.70807453416149,
      48.27577639751553,
      50.024844720496894,
      51.298136645962735,
      52.03478260869565,
      55.05093167701863,
      57.278260869565216,
      58.08571428571429,
      59.59751552795031,
      61.03229813664596,
      61.86335403726708,
      62.60248447204969,
      63.14534161490683,
      64.16521739130435,
      67.18385093167701,
      67.99254658385094,
      68.50434782608696,
      68.89192546583851,
      69.22111801242237,
      69.5055900621118,
      71.57391304347826,
      77.52670807453416,
      79.68198757763975,
      80.4024844720497,
      80.86211180124224,
      81.21242236024845
    ],
    "test_loss": [
      2.8674846746303415,
      2.81125195423762,
      2.78033114583404,
      2.774613655496527,
      2.7441690970350194,
      2.72774371571011,
      2.7135936375017518,
      2.707215768319589,
      2.70990201720485,
      2.6638288846722356,
      2.6610695640246074,
      2.648839532445978,
      2.6367022041921264,
      2.6445901641139278,
      2.6300807970541493,
      2.629161015704826,
      2.6275166674896524,
      2.596339225769043,
      2.588982121149699,
      2.5862410134739346,
      2.5882941948042975,
      2.5868768524240564,
      2.5839130719502768,
      2.5823363798635977,
      2.5445906201998394,
      2.485043212661037,
      2.4825211308620596,
      2.4771315702685603,
      2.4758154224466393,
      2.4756031226228785
    ],
    "test_acc": [
      34.20289855072464,
      39.857971014492755,
      42.85217391304348,
      43.356521739130436,
      46.446376811594206,
      48.12173913043478,
      49.5768115942029,
      50.12753623188406,
      49.892753623188405,
      54.44057971014493,
      54.721739130434784,
      56.01159420289855,
      57.22608695652174,
      56.35942028985507,
      57.86666666666667,
      57.947826086956525,
      58.15942028985507,
      61.16231884057971,
      62.005797101449275,
      62.405797101449274,
      62.040579710144925,
      62.18260869565217,
      62.356521739130436,
      62.61739130434783,
      66.51014492753623,
      72.40869565217392,
      72.56521739130434,
      73.21159420289855,
      73.3623188405797,
      73.22608695652174
    ]
  }
}