{
  "results": {
    "num_epochs": 30,
    "train_loss": [
      2.81253053482462,
      2.6945696540401927,
      2.6647676631263404,
      2.6349186861268667,
      2.623586727439504,
      2.5922553552542658,
      2.5552325218394754,
      2.5360846157483343,
      2.5303508894242617,
      2.522518264659827,
      2.5134556791930205,
      2.5079874664497677,
      2.4962347309994963,
      2.4871396254659266,
      2.4799861430363737,
      2.4774734989069223,
      2.469697008830375,
      2.463347104281803,
      2.4663472492099756,
      2.4526653039625983,
      2.4555389970209336,
      2.4445958395262024,
      2.4428464807273853,
      2.438475812372229,
      2.437505595634776,
      2.436295449638973,
      2.4327814146900026,
      2.431450962262237,
      2.4240027779805073,
      2.427705294187573
    ],
    "train_acc": [
      41.35403726708075,
      52.05093167701863,
      54.783850931677016,
      57.68447204968944,
      58.61739130434783,
      61.94285714285714,
      65.78757763975155,
      67.56273291925466,
      68.09937888198758,
      68.78757763975155,
      69.73913043478261,
      70.35403726708074,
      71.4968944099379,
      72.41366459627329,
      73.0807453416149,
      73.30683229813664,
      74.09068322981366,
      74.68571428571428,
      74.35527950310559,
      75.68944099378882,
      75.39875776397515,
      76.56397515527951,
      76.6360248447205,
      77.14409937888199,
      77.21366459627329,
      77.3391304347826,
      77.64844720496895,
      77.78757763975155,
      78.55155279503106,
      78.16024844720496
    ],
    "test_loss": [
      2.7022848455994217,
      2.6763788143793743,
      2.6629437296478837,
      2.6266713084997955,
      2.604726775487264,
      2.5886304201903165,
      2.540093413988749,
      2.5249288077707646,
      2.5294434860900594,
      2.540892101658715,
      2.5240440567334494,
      2.5003103022222164,
      2.506065883018352,
      2.488710516028934,
      2.4889001952277288,
      2.483763955257557,
      2.4682907435629104,
      2.4736432093161125,
      2.4899007461689138,
      2.457383111229649,
      2.4765225180873163,
      2.464196150832706,
      2.4522267553541397,
      2.445055056942834,
      2.454104448247839,
      2.469956253193043,
      2.5031026389863755,
      2.438132628688106,
      2.436091379324595,
      2.4741504165861343
    ],
    "test_acc": [
      51.597101449275364,
      53.6231884057971,
      54.7536231884058,
      58.507246376811594,
      60.7768115942029,
      62.44927536231884,
      67.34202898550724,
      68.82028985507246,
      68.10144927536231,
      67.02898550724638,
      68.60579710144927,
      71.03768115942029,
      70.41159420289856,
      72.12173913043478,
      72.15652173913044,
      72.64057971014493,
      74.13333333333334,
      73.58260869565217,
      71.97971014492754,
      75.24057971014493,
      73.25797101449275,
      74.51304347826087,
      75.76521739130435,
      76.3768115942029,
      75.5768115942029,
      73.91884057971015,
      70.58840579710144,
      77.04347826086956,
      77.2927536231884,
      73.57391304347826
    ]
  }
}