{
  "results": {
    "num_epochs": 30,
    "train_loss": [
      2.9262432561201206,
      2.799171024740974,
      2.7495117932321156,
      2.7294433674107297,
      2.715989509144345,
      2.7062735529127866,
      2.6993145087944117,
      2.6935683320171315,
      2.6885994809231053,
      2.6817735395674105,
      2.641598440884407,
      2.620477146677827,
      2.608911542520993,
      2.5999306066995205,
      2.592486676616396,
      2.585188859028354,
      2.5792924685015777,
      2.573876852261433,
      2.5698221703970563,
      2.565935317207785,
      2.5634551544826247,
      2.561099078204181,
      2.558956922332509,
      2.557479146554095,
      2.556365010090208,
      2.554599417412035,
      2.5531708055156592,
      2.552009498940363,
      2.5497341747314257,
      2.524838962880909
    ],
    "train_acc": [
      28.154037267080746,
      41.04968944099379,
      45.97142857142857,
      47.99627329192547,
      49.305590062111804,
      50.28944099378882,
      50.97267080745342,
      51.51677018633541,
      52.009937888198756,
      52.69565217391305,
      56.7888198757764,
      58.93788819875776,
      60.11304347826087,
      61.04347826086956,
      61.83105590062112,
      62.54906832298137,
      63.15155279503106,
      63.648447204968946,
      64.05714285714286,
      64.3863354037267,
      64.61242236024844,
      64.82111801242236,
      65.01739130434783,
      65.15155279503105,
      65.2335403726708,
      65.38757763975156,
      65.52173913043478,
      65.6086956521739,
      65.86708074534161,
      68.40496894409938
    ],
    "test_loss": [
      2.8459924110659847,
      2.7708492477734885,
      2.7518433773959123,
      2.732866852371781,
      2.7250587666476216,
      2.7212959828200165,
      2.719102954864502,
      2.7202246056662664,
      2.714357462194231,
      2.7086821851906953,
      2.665351752440135,
      2.65834584236145,
      2.653476804715616,
      2.6526751429946334,
      2.6508920166227554,
      2.6514181362258062,
      2.64983867627603,
      2.654502318965064,
      2.649952640798357,
      2.6462279129911352,
      2.6466683281792536,
      2.6467146714528402,
      2.647489876658828,
      2.6485862383136043,
      2.6466771713009587,
      2.6480675494229353,
      2.6441880155492714,
      2.647121450194606,
      2.628033622547432,
      2.6147313709612248
    ],
    "test_acc": [
      36.35942028985507,
      43.81739130434783,
      45.78550724637681,
      47.518840579710144,
      48.356521739130436,
      48.66086956521739,
      48.959420289855075,
      48.88405797101449,
      49.43478260869565,
      49.93913043478261,
      54.30724637681159,
      54.9536231884058,
      55.49855072463768,
      55.53333333333333,
      55.71884057971015,
      55.75072463768116,
      55.80869565217391,
      55.31304347826087,
      55.823188405797104,
      56.08695652173913,
      56.18550724637681,
      56.09275362318841,
      56.06956521739131,
      55.90724637681159,
      56.00289855072464,
      55.93623188405797,
      56.31304347826087,
      56.03478260869565,
      58.0,
      59.28405797101449
    ]
  }
}