{
  "results": {
    "num_epochs": 30,
    "train_loss": [
      3.0633664872195268,
      2.950148676082326,
      2.858619832651414,
      2.844888438291504,
      2.8386234668555814,
      2.8170929462996877,
      2.790783735261623,
      2.769453918422159,
      2.759342536448674,
      2.7527569344767704,
      2.7349956274411635,
      2.706943786959201,
      2.6904573184697163,
      2.681809710584498,
      2.6635788328507366,
      2.6445578145298554,
      2.6359621303449186,
      2.629980507260855,
      2.626145163287419,
      2.6006482216057223,
      2.584326102926924,
      2.580683415000503,
      2.578761504829783,
      2.5764762616119627,
      2.543860407436595,
      2.5225676231808807,
      2.512407334696128,
      2.506013097368856,
      2.5025240952335595,
      2.4989027114664997
    ],
    "train_acc": [
      14.258385093167702,
      25.653416149068324,
      34.86583850931677,
      36.2111801242236,
      36.82484472049689,
      39.006211180124225,
      41.6472049689441,
      43.82360248447205,
      44.81242236024845,
      45.445962732919256,
      47.27080745341615,
      50.1527950310559,
      51.73913043478261,
      52.61739130434783,
      54.51677018633541,
      56.40745341614907,
      57.25341614906832,
      57.834782608695654,
      58.16024844720497,
      60.811180124223604,
      62.406211180124224,
      62.75403726708075,
      62.924223602484474,
      63.1639751552795,
      66.49937888198758,
      68.63354037267081,
      69.63229813664596,
      70.27950310559007,
      70.6360248447205,
      70.97391304347826
    ],
    "test_loss": [
      2.973247884379493,
      2.8765759494569565,
      2.8539700874575864,
      2.846799245145586,
      2.8521302527851526,
      2.819811066874751,
      2.7902767720045865,
      2.783439938227336,
      2.786730596754286,
      2.778268889144615,
      2.7541625062624613,
      2.73191080711506,
      2.722782822008486,
      2.7189887550142076,
      2.6908051428971467,
      2.6934230155415007,
      2.685368690667329,
      2.68858710748178,
      2.685735852188534,
      2.6490874705491243,
      2.645732781180629,
      2.6472554392284815,
      2.6442605270279778,
      2.642559057694894,
      2.6183402410259955,
      2.6002291864819,
      2.606132364714587,
      2.6000516405812015,
      2.5998272675055043,
      2.6003523936978095
    ],
    "test_acc": [
      23.27536231884058,
      33.04927536231884,
      35.28115942028985,
      35.96231884057971,
      35.481159420289856,
      38.66376811594203,
      41.733333333333334,
      42.391304347826086,
      41.98840579710145,
      42.881159420289855,
      45.356521739130436,
      47.51014492753623,
      48.507246376811594,
      49.01159420289855,
      51.768115942028984,
      51.507246376811594,
      52.38550724637681,
      51.97971014492754,
      52.17971014492753,
      55.95652173913044,
      56.255072463768116,
      56.095652173913045,
      56.43478260869565,
      56.68985507246377,
      58.88985507246377,
      60.78260869565217,
      60.16811594202898,
      60.76521739130435,
      60.75072463768116,
      60.756521739130434
    ]
  }
}