{
  "results": {
    "num_epochs": 30,
    "train_loss": [
      3.0405816590274273,
      2.9217586939967872,
      2.8471989722623356,
      2.7988439794564663,
      2.777001706329552,
      2.759951245993234,
      2.7468085825348507,
      2.7228305216623983,
      2.705367730228624,
      2.690473851035623,
      2.6788113174074595,
      2.6703567942678457,
      2.660859070066807,
      2.6542874559499503,
      2.647009369678831,
      2.6409951596267653,
      2.635874083387075,
      2.6292764187238173,
      2.624822064310265,
      2.617686352024776,
      2.6141093800670583,
      2.60902514158258,
      2.6057755507422176,
      2.6006201907447486,
      2.597717876275128,
      2.5947670163335026,
      2.592764136522108,
      2.590520182739949,
      2.586883370182662,
      2.5851791138110745
    ],
    "train_acc": [
      17.633540372670808,
      31.8,
      40.19875776397515,
      43.80869565217391,
      45.22981366459627,
      46.69689440993789,
      47.65465838509317,
      50.785093167701866,
      52.50807453416149,
      53.99503105590062,
      55.029813664596276,
      55.648447204968946,
      56.58136645962733,
      57.06335403726708,
      57.81366459627329,
      58.188819875776396,
      58.66211180124223,
      59.340372670807454,
      59.65341614906832,
      60.36149068322981,
      60.6695652173913,
      60.982608695652175,
      61.32919254658385,
      61.78136645962733,
      62.00372670807453,
      62.22360248447205,
      62.38633540372671,
      62.5527950310559,
      62.87826086956522,
      62.96521739130435
    ],
    "test_loss": [
      2.960834323035346,
      2.891224259800381,
      2.8181839051070035,
      2.7912272347344294,
      2.7729102969169617,
      2.7584246189505968,
      2.742540928611049,
      2.719316933773182,
      2.705052382857711,
      2.6934677335951065,
      2.6817348255051505,
      2.676942707432641,
      2.6659881512324017,
      2.663816730622892,
      2.654041326487506,
      2.6476820080368606,
      2.6445123968300996,
      2.640416826583721,
      2.6353517320421007,
      2.6341730833053587,
      2.632935678958893,
      2.6296722204596907,
      2.6167429394192165,
      2.6215144245712847,
      2.611449777638471,
      2.6097454561127558,
      2.609082818914343,
      2.6089810088828758,
      2.6037653852392126,
      2.603813854411796
    ],
    "test_acc": [
      27.55072463768116,
      35.834782608695654,
      42.66086956521739,
      43.97391304347826,
      45.620289855072464,
      46.56811594202899,
      48.03478260869565,
      51.04347826086956,
      52.06376811594203,
      53.405797101449274,
      54.43188405797101,
      54.553623188405794,
      55.62608695652174,
      55.60579710144928,
      56.54782608695652,
      57.25797101449275,
      57.37391304347826,
      57.869565217391305,
      58.32463768115942,
      58.32753623188406,
      58.34782608695652,
      58.73913043478261,
      59.83188405797102,
      59.30724637681159,
      60.220289855072465,
      60.46376811594203,
      60.426086956521736,
      60.52173913043478,
      60.81449275362319,
      60.84057971014493
    ]
  }
}