{
  "results": {
    "num_epochs": 30,
    "train_loss": [
      3.1354501298576927,
      3.132891519270565,
      3.1257233998733787,
      3.116768292099569,
      3.111298052608872,
      3.1084971046978414,
      3.1067467317672146,
      3.1055636062910144,
      3.1047050151233644,
      3.1040158197876,
      3.103415194490187,
      3.1028827642977523,
      3.1023983879574533,
      3.1019364440005233,
      3.101504220682032,
      3.101075933165315,
      3.1006563511486083,
      3.100234688749753,
      3.099807671219442,
      3.0994064176783844,
      3.0989881416572485,
      3.0985895524153837,
      3.09816954492196,
      3.0977732189508993,
      3.0973824520368836,
      3.097024238355967,
      3.09668486372276,
      3.0963468121420976,
      3.096036930910544,
      3.0957336514856553
    ],
    "train_acc": [
      4.587577639751553,
      4.700621118012422,
      5.243478260869566,
      5.3428571428571425,
      7.811180124223602,
      8.127950310559006,
      8.324223602484473,
      8.392546583850931,
      8.436024844720498,
      8.48447204968944,
      8.545341614906832,
      8.57888198757764,
      8.639751552795031,
      8.66335403726708,
      8.911801242236026,
      9.141614906832299,
      9.238509316770186,
      9.31304347826087,
      9.38136645962733,
      9.449689440993788,
      9.57888198757764,
      9.648447204968944,
      9.68695652173913,
      9.754037267080745,
      9.786335403726708,
      9.850931677018634,
      9.845962732919254,
      9.869565217391305,
      9.92919254658385,
      9.982608695652173
    ],
    "test_loss": [
      3.134777440848174,
      3.130997124866203,
      3.121742432205765,
      3.1147482249471876,
      3.1111458562038563,
      3.1090505710354557,
      3.10762525178768,
      3.1066288232803343,
      3.1058608425988092,
      3.1052141591354654,
      3.1046579506662155,
      3.1041937951688414,
      3.1037179518629006,
      3.102935290336609,
      3.1029161166261745,
      3.102202840646108,
      3.1022682269414266,
      3.101911257814478,
      3.1011305923815127,
      3.1012448770028573,
      3.1009649356206257,
      3.10052959256702,
      3.1000626069528083,
      3.099801503728937,
      3.09950627706669,
      3.0991840729007016,
      3.0987347655826145,
      3.0986185210722463,
      3.098333524774622,
      3.098101982363948
    ],
    "test_acc": [
      4.7043478260869565,
      4.840579710144928,
      5.507246376811594,
      7.194202898550724,
      7.6927536231884055,
      7.930434782608696,
      8.075362318840579,
      8.130434782608695,
      8.139130434782608,
      8.185507246376812,
      8.208695652173914,
      8.263768115942028,
      8.321739130434782,
      8.373913043478261,
      8.84927536231884,
      8.889855072463767,
      8.98840579710145,
      9.089855072463768,
      9.16231884057971,
      9.202898550724637,
      9.24927536231884,
      9.298550724637682,
      9.315942028985507,
      9.342028985507246,
      9.41159420289855,
      9.440579710144927,
      9.513043478260869,
      9.518840579710146,
      9.576811594202898,
      9.579710144927537
    ]
  }
}