{
  "results": {
    "num_epochs": 30,
    "train_loss": [
      3.154075612134888,
      3.1413035879832574,
      3.1276013718500426,
      3.1146476896085877,
      3.108464942448469,
      3.103020651162334,
      3.095602974414067,
      3.085972716963727,
      3.076475911564971,
      3.06860669504478,
      3.062262970427072,
      3.0569093555259403,
      3.051950513842754,
      3.0474673399675063,
      3.043477519707005,
      3.040107081539112,
      3.0370405563678955,
      3.0342765709175024,
      3.03168566181474,
      3.029349588817178,
      3.0272568079549673,
      3.0252611889179635,
      3.023415094528744,
      3.0218262700852603,
      3.0202358043819237,
      3.0189146860983866,
      3.0175389593470077,
      3.0162097511306665,
      3.0150437138986512,
      3.013911623643957
    ],
    "train_acc": [
      4.537888198757764,
      4.790062111801242,
      5.530434782608696,
      6.44472049689441,
      7.44472049689441,
      8.700621118012423,
      10.11552795031056,
      11.3055900621118,
      12.007453416149069,
      13.437267080745341,
      13.920496894409938,
      14.639751552795031,
      15.448447204968945,
      16.04472049689441,
      16.490683229813666,
      16.82857142857143,
      17.26583850931677,
      17.509316770186334,
      17.742857142857144,
      17.99254658385093,
      18.183850931677018,
      18.331677018633542,
      18.498136645962735,
      18.591304347826085,
      18.771428571428572,
      18.884472049689442,
      18.93913043478261,
      19.130434782608695,
      19.304347826086957,
      19.411180124223602
    ],
    "test_loss": [
      3.1467552856162744,
      3.1346971096815888,
      3.120298288928138,
      3.111799754478313,
      3.1063550785735803,
      3.100091497103373,
      3.091460485370071,
      3.0821200882947,
      3.072721141356009,
      3.0665363174897653,
      3.061574007405175,
      3.056276100211673,
      3.051687299322199,
      3.04795917140113,
      3.0438074085447524,
      3.0412241918069345,
      3.037728367028413,
      3.0357250107659235,
      3.032286098268297,
      3.030984126638483,
      3.029001788298289,
      3.027364105206949,
      3.025594287448459,
      3.023788101584823,
      3.022515375525863,
      3.0217632827935397,
      3.0201436638832093,
      3.0193388108853942,
      3.018013862327293,
      3.016461299083851
    ],
    "test_acc": [
      4.7101449275362315,
      5.165217391304348,
      6.098550724637681,
      6.779710144927536,
      8.031884057971014,
      9.356521739130434,
      10.579710144927537,
      11.539130434782608,
      12.602898550724637,
      13.414492753623188,
      14.11304347826087,
      15.049275362318841,
      15.866666666666667,
      16.179710144927537,
      16.547826086956523,
      16.669565217391305,
      17.0231884057971,
      17.37391304347826,
      17.794202898550726,
      17.91304347826087,
      18.005797101449275,
      18.214492753623187,
      18.321739130434782,
      18.333333333333332,
      18.446376811594202,
      18.620289855072464,
      18.579710144927535,
      18.779710144927535,
      18.747826086956522,
      18.884057971014492
    ]
  }
}