{
  "results": {
    "num_epochs": 30,
    "train_loss": [
      2.946020860550703,
      2.8898619945932458,
      2.8779763635277558,
      2.8515108185087366,
      2.809057660246881,
      2.7574944966169155,
      2.7218827492481954,
      2.7058790933536234,
      2.6958227350905135,
      2.687546929608089,
      2.6758038701995948,
      2.6653247499314325,
      2.6542897700126296,
      2.642299908901815,
      2.6320698888578553,
      2.6243165623402556,
      2.617242492249736,
      2.6111532732109954,
      2.606414622077881,
      2.60284969632311,
      2.573319572333501,
      2.5566080044866175,
      2.5406830945719974,
      2.5158118989395604,
      2.5114554583742055,
      2.5088832988648044,
      2.5068400523999914,
      2.5052432377122353,
      2.503290846541121,
      2.5018326769951607
    ],
    "train_acc": [
      26.083229813664595,
      31.750310559006213,
      32.87950310559006,
      35.582608695652176,
      39.86832298136646,
      45.2,
      48.761490683229816,
      50.38509316770186,
      51.391304347826086,
      52.16770186335404,
      53.3416149068323,
      54.395031055900624,
      55.56149068322981,
      56.79006211180124,
      57.87950310559006,
      58.65465838509317,
      59.35031055900621,
      59.90931677018634,
      60.363975155279505,
      60.68198757763975,
      63.64099378881988,
      65.28819875776398,
      66.86086956521739,
      69.34782608695652,
      69.74906832298137,
      69.99627329192546,
      70.1863354037267,
      70.33788819875777,
      70.527950310559,
      70.65341614906832
    ],
    "test_loss": [
      2.9034147258158085,
      2.889910121758779,
      2.8815755243654606,
      2.8256992909643386,
      2.813345698074058,
      2.7447764056700246,
      2.730624105753722,
      2.71967639569883,
      2.7167819561781705,
      2.715402032710888,
      2.7055606290146157,
      2.6988727582825556,
      2.6974582923783195,
      2.6933805099240056,
      2.691228002972073,
      2.6883857921317773,
      2.6885491322588035,
      2.691084631284078,
      2.68592421302089,
      2.6852166378939595,
      2.646043383192133,
      2.64069619929349,
      2.60654520811858,
      2.6039280441072252,
      2.601138100359175,
      2.599500925894137,
      2.605344279165621,
      2.6061984874584057,
      2.6028117038585523,
      2.6039428600558527
    ],
    "test_acc": [
      30.347826086956523,
      31.643478260869564,
      32.582608695652176,
      38.231884057971016,
      39.36231884057971,
      46.54782608695652,
      47.86666666666667,
      48.88405797101449,
      49.2463768115942,
      49.31594202898551,
      50.197101449275365,
      50.971014492753625,
      51.03188405797101,
      51.472463768115944,
      51.60289855072464,
      51.846376811594205,
      52.0231884057971,
      51.65797101449275,
      52.16231884057971,
      52.208695652173915,
      56.08985507246377,
      56.7768115942029,
      60.15072463768116,
      60.31014492753623,
      60.60289855072464,
      60.81739130434783,
      60.31594202898551,
      60.16811594202898,
      60.48695652173913,
      60.38550724637681
    ]
  }
}