{
  "results": {
    "num_epochs": 30,
    "train_loss": [
      2.741997864553394,
      2.639266364146113,
      2.623326360516025,
      2.5786474440927916,
      2.5807768491190073,
      2.607049259548157,
      2.5449014642469834,
      2.5258453042025786,
      2.5170740628280397,
      2.5146576361360533,
      2.514440961217653,
      2.4919333685373086,
      2.475648382509835,
      2.4735895095834293,
      2.4648433950254383,
      2.458887069327653,
      2.462683989815947,
      2.4504235181217164,
      2.449419787085492,
      2.441317671812206,
      2.432719381511306,
      2.433224856758724,
      2.4340441664754873,
      2.432724187408229,
      2.430325744641036,
      2.4255212691326777,
      2.4202965298972563,
      2.4201471834000796,
      2.4125635032623487,
      2.414798459870258
    ],
    "train_acc": [
      47.61863354037267,
      57.20745341614907,
      58.65217391304348,
      63.10062111801242,
      62.87204968944099,
      60.25962732919255,
      66.4447204968944,
      68.39254658385093,
      69.24347826086957,
      69.50186335403727,
      69.51055900621118,
      71.75155279503106,
      73.45465838509317,
      73.59130434782608,
      74.43975155279503,
      75.01242236024845,
      74.63229813664596,
      75.88074534161491,
      75.97142857142858,
      76.78385093167702,
      77.62857142857143,
      77.5975155279503,
      77.47577639751553,
      77.61739130434782,
      77.84099378881987,
      78.29813664596273,
      78.8360248447205,
      78.87329192546584,
      79.60621118012422,
      79.39378881987578
    ],
    "test_loss": [
      2.652752570752744,
      2.9450002396548234,
      2.581520742398721,
      2.5635774740466366,
      2.8487692678416217,
      2.55452544203511,
      2.5308880695590266,
      2.534786246441029,
      2.534830666471411,
      2.5141484560789884,
      2.496899773897948,
      2.5049193148259765,
      2.479555352087374,
      2.473554778540576,
      2.4735649859463726,
      2.4874066825266237,
      2.479101011929689,
      2.462658060480047,
      2.4401291290918987,
      2.451787935804438,
      2.4570009695159065,
      2.4440308818110714,
      2.4388431986172994,
      2.513105030413027,
      2.443186461483991,
      2.4542083038224116,
      2.455363612263291,
      2.422377935603813,
      2.471245718885351,
      2.4389160063531663
    ],
    "test_acc": [
      55.76521739130435,
      25.591304347826085,
      62.721739130434784,
      64.78550724637681,
      35.76231884057971,
      65.47826086956522,
      67.94202898550725,
      67.40579710144928,
      67.4376811594203,
      69.59130434782608,
      71.24927536231884,
      70.42608695652174,
      72.95652173913044,
      73.58840579710144,
      73.5855072463768,
      72.13913043478261,
      73.02898550724638,
      74.66666666666667,
      76.84927536231883,
      75.74782608695652,
      75.26666666666667,
      76.51014492753623,
      77.06086956521739,
      69.51014492753623,
      76.45507246376812,
      75.34782608695652,
      75.27536231884058,
      78.62028985507246,
      73.67826086956522,
      76.91594202898551
    ]
  }
}