{
  "results": {
    "num_epochs": 30,
    "train_loss": [
      2.743489131260373,
      2.645133338406658,
      2.624961899270693,
      2.6025576347008417,
      2.583077417458563,
      2.5672530392584627,
      2.5589105230067606,
      2.550643109934129,
      2.545033369989198,
      2.536056078863826,
      2.526646569916099,
      2.513143223685187,
      2.520894179473052,
      2.501721306521866,
      2.5021367040840357,
      2.513098239140594,
      2.5006829731415112,
      2.4934027047149705,
      2.4876681236470257,
      2.483431329219254,
      2.4860748052597046,
      2.484130704914633,
      2.4860408609356903,
      2.477366229308997,
      2.470334109327562,
      2.466696866176466,
      2.4732443261032833,
      2.4712060612222158,
      2.459536568538563,
      2.4561458898083393
    ],
    "train_acc": [
      47.12422360248447,
      56.45590062111801,
      58.46335403726708,
      60.75031055900621,
      62.601242236024845,
      64.14658385093168,
      65.01490683229814,
      65.78509316770186,
      66.36521739130434,
      67.30186335403727,
      68.23975155279503,
      69.60496894409938,
      68.76521739130435,
      70.65590062111801,
      70.60124223602485,
      69.5031055900621,
      70.72422360248447,
      71.47329192546584,
      72.08944099378883,
      72.4944099378882,
      72.24099378881988,
      72.40745341614907,
      72.2,
      73.05341614906833,
      73.77142857142857,
      74.127950310559,
      73.48944099378882,
      73.68198757763975,
      74.86086956521739,
      75.19254658385093
    ],
    "test_loss": [
      2.6632832253420795,
      2.620334651735094,
      2.5945667394885312,
      2.6141688333617314,
      2.566799514381974,
      2.566179475960908,
      2.573056149482727,
      2.554510177947857,
      2.5345852419182107,
      2.51753082451997,
      2.5245814681053163,
      2.5032947376922325,
      2.499937488414623,
      2.5208467298083836,
      2.5189190639389887,
      2.512933978769514,
      2.527288219663832,
      2.49552382407365,
      2.492749819049129,
      2.5107191655370924,
      2.484443363878462,
      2.4827185392379763,
      2.481883738659046,
      2.4782658135449447,
      2.4675422262262416,
      2.4713594697139882,
      2.4965897109773425,
      2.4675183057785035,
      2.4807924606181957,
      2.4927524668199044
    ],
    "test_acc": [
      54.666666666666664,
      58.881159420289855,
      61.44347826086957,
      59.37101449275362,
      64.2231884057971,
      64.17391304347827,
      63.6,
      65.54782608695652,
      67.37101449275362,
      69.27536231884058,
      68.4231884057971,
      70.52753623188406,
      70.94492753623189,
      68.64347826086957,
      68.98550724637681,
      69.4840579710145,
      68.07826086956521,
      71.30724637681159,
      71.54202898550724,
      69.61449275362318,
      72.35072463768115,
      72.67536231884058,
      72.5072463768116,
      72.88985507246377,
      74.01739130434783,
      73.57391304347826,
      71.0695652173913,
      73.97971014492754,
      72.72463768115942,
      71.46376811594203
    ]
  }
}