{
  "results": {
    "num_epochs": 30,
    "train_loss": [
      2.7771620970272677,
      2.643540723714237,
      2.61917150968209,
      2.6029612161396796,
      2.596007592537824,
      2.588703391851416,
      2.5812672590792465,
      2.565432354831544,
      2.559535174187871,
      2.55248749843652,
      2.5421132874602543,
      2.5369421884251704,
      2.531450208685167,
      2.52238232968153,
      2.5166967747131856,
      2.5116501985938067,
      2.5078318475350287,
      2.500771203367054,
      2.4983010070312575,
      2.489953368760065,
      2.475515392702221,
      2.4698964491936666,
      2.4648743629076524,
      2.460492737342519,
      2.4556768596267093,
      2.450103151589774,
      2.455589237197973,
      2.448142525691107,
      2.4435116835353106,
      2.441712328853213
    ],
    "train_acc": [
      45.39751552795031,
      57.40496894409938,
      59.45465838509317,
      60.9416149068323,
      61.46335403726708,
      62.142857142857146,
      62.91428571428571,
      64.53416149068323,
      65.0807453416149,
      65.86708074534161,
      66.85590062111801,
      67.36024844720497,
      67.87080745341615,
      68.78012422360248,
      69.32546583850932,
      69.83229813664596,
      70.19751552795032,
      70.93664596273292,
      71.11428571428571,
      71.94409937888199,
      73.49813664596273,
      73.98136645962732,
      74.44844720496894,
      74.93416149068322,
      75.38012422360248,
      75.94782608695652,
      75.3527950310559,
      76.06708074534161,
      76.57888198757765,
      76.78136645962734
    ],
    "test_loss": [
      2.7096284151077272,
      2.623704750008053,
      2.610375076753122,
      2.603674547760575,
      2.607654160481912,
      2.5923309123074567,
      2.582550181724407,
      2.5768593655692205,
      2.5721319913864136,
      2.552201704184214,
      2.551031251306887,
      2.535013167946427,
      2.5416279633839927,
      2.52099964177167,
      2.5202984191753246,
      2.5103340956899856,
      2.5204681824754784,
      2.51500821157738,
      2.5086341155899894,
      2.489367960117481,
      2.474291302539684,
      2.4731221260847867,
      2.473937819622181,
      2.467576199549216,
      2.4954141245947943,
      2.5036041290671736,
      2.4629430841516564,
      2.456650357776218,
      2.4509013175964354,
      2.456431757962262
    ],
    "test_acc": [
      51.02028985507246,
      59.21159420289855,
      60.266666666666666,
      60.7768115942029,
      60.21449275362319,
      61.68695652173913,
      62.88405797101449,
      63.26086956521739,
      63.66086956521739,
      65.92753623188406,
      65.91014492753624,
      67.44347826086957,
      66.78840579710145,
      68.93333333333334,
      68.87826086956522,
      69.91304347826087,
      68.99710144927536,
      69.42608695652174,
      70.03768115942029,
      71.96521739130435,
      73.7304347826087,
      73.64057971014493,
      73.53623188405797,
      74.19130434782609,
      71.30724637681159,
      70.46376811594203,
      74.61159420289854,
      75.27536231884058,
      75.81159420289855,
      75.19420289855073
    ]
  }
}